{
	"info": {
		"_postman_id": "7a9b415c-1f79-419a-885a-4ec3a041f2bf",
		"name": "lab3",
		"schema": "https://schema.getpostman.com/json/collection/v2.1.0/collection.json",
		"_exporter_id": "45634373",
		"_collection_link": "https://sundui-1584082.postman.co/workspace/Sundui's-Workspace~cb75bc62-a6e8-4047-8c6d-457eff355d90/collection/45634373-7a9b415c-1f79-419a-885a-4ec3a041f2bf?action=share&source=collection_link&creator=45634373"
	},
	"item": [
		{
			"name": "test1",
			"event": [
				{
					"listen": "test",
					"script": {
						"exec": [
							"//newman run \"E:\\4A\\F.CSA313\\lab3\\lab3.postman_collection.json\"\r",
							"//newman run \"E:\\4A\\F.CSA313\\lab3\\lab3.postman_collection.json\" -r htmlextra --reporter-htmlextra-export \"E:\\4A\\F.CSA313\\lab3\\report.html\"\r",
							"//newman run \"E:\\4A\\F.CSA313\\lab3\\lab3.postman_collection.json\" -n 100 --delay-request 1\r",
							"pm.test(\"Status code is 200\", function () {\r",
							"    pm.response.to.have.status(200);\r",
							"});\r",
							"\r",
							"pm.test(\"Response is an object\", function () {\r",
							"    pm.expect(pm.response.json()).to.be.an('object');\r",
							"});\r",
							"\r",
							"pm.test(\"Response contains the correct symbol\", function () {\r",
							"    const jsonData = pm.response.json();\r",
							"    pm.expect(jsonData.symbol).to.eql(\"BTCUSDT\");\r",
							"});\r",
							"\r",
							"pm.test(\"Response contains a valid price\", function () {\r",
							"    const jsonData = pm.response.json();\r",
							"    pm.expect(parseFloat(jsonData.price)).to.be.greaterThan(0);\r",
							"});\r",
							"\r",
							"pm.test(\"Response time is less than 500ms\", function () {\r",
							"    pm.expect(pm.response.responseTime).to.be.below(500);\r",
							"});\r",
							""
						],
						"type": "text/javascript",
						"packages": {}
					}
				}
			],
			"request": {
				"method": "GET",
				"header": [],
				"url": {
					"raw": "https://api.binance.com/api/v3/ticker/price?symbol=BTCUSDT",
					"protocol": "https",
					"host": [
						"api",
						"binance",
						"com"
					],
					"path": [
						"api",
						"v3",
						"ticker",
						"price"
					],
					"query": [
						{
							"key": "symbol",
							"value": "BTCUSDT"
						}
					]
				}
			},
			"response": []
		}
	]
}